Date,Close,High,Low,Open,Volume
31-08-2020,107.3720779,112.4976613,106.3557977,111.790682,320420
01-09-2020,108.2116089,112.1441705,106.0464956,106.9302164,154664
02-09-2020,111.3046265,112.1441652,108.432534,109.3604435,189363
03-09-2020,110.7743912,112.2325317,109.6697403,111.3046223,146438
04-09-2020,110.2441635,110.8185833,107.7697427,109.581373,101927
07-09-2020,110.7743912,112.2325317,109.3162506,112.0557903,141195
08-09-2020,108.6976471,111.967411,108.4325282,111.2604385,191865
09-09-2020,107.025383,110.4628345,105.9105381,106.8395779,209810
10-09-2020,104.0524521,107.4434486,103.3092175,106.5608566,168627
11-09-2020,104.6098709,107.3040875,100.9866146,102.7517915,506866
14-09-2020,105.5389099,106.8860217,105.0743901,106.0963323,125011
15-09-2020,103.6343918,106.003439,103.1234171,106.003439,109816
16-09-2020,106.1427841,109.4408778,104.0988996,104.7492246,401225
17-09-2020,102.7518005,105.6318225,102.0550207,105.3531148,117835
18-09-2020,102.5659866,104.2382539,102.1479145,103.2163116,106654
21-09-2020,97.6885376,103.2163216,96.75949779,102.6124443,158604
22-09-2020,96.01625824,100.3362946,93.87947103,97.68853265,78586
23-09-2020,94.76205444,100.3362929,93.87946952,96.80593906,433103
24-09-2020,91.88202667,93.8330086,91.04588953,92.90396891,147778
25-09-2020,94.66915131,98.89627789,92.57881188,94.20463143,410373
28-09-2020,95.96981812,96.85240313,94.76206349,95.41238854,89725
29-09-2020,96.34142303,97.17756026,94.20463578,95.78400058,381025
30-09-2020,97.45627594,97.96724357,95.31948158,96.89885348,116321
01-10-2020,99.87177277,100.5220978,97.5491734,98.19949839,115053
05-10-2020,98.71047211,99.77886922,98.06014713,99.50015447,44662
06-10-2020,98.1065979,99.77887231,97.82789022,98.89628028,89000
07-10-2020,100.2434006,103.5879426,96.71304633,98.57112602,712647
08-10-2020,101.8227539,104.7956853,101.0795264,102.1943712,222129
09-10-2020,100.1504974,101.9156675,99.73242526,101.8692197,57325
12-10-2020,97.3633728,100.847272,96.85239808,100.3827521,72899
13-10-2020,96.71303558,98.06014746,95.36593079,97.13110772,84262
14-10-2020,97.40982056,97.6420805,95.36593585,95.92335831,49057
15-10-2020,94.66915131,99.87177245,92.99687693,98.43175802,286985
16-10-2020,95.78399658,96.89884853,94.20463185,94.20463185,48620
19-10-2020,96.43431854,97.50270847,95.83044135,97.50270847,32664
20-10-2020,95.78399658,97.13110847,95.69109402,96.85239371,30944
21-10-2020,95.59819794,97.40982273,95.2265806,96.57368549,47435
22-10-2020,95.69109344,96.85239312,95.22657357,96.15561332,57416
23-10-2020,96.80593872,97.36336824,96.10915891,96.10915891,44928
26-10-2020,95.31947327,97.45626744,95.13366816,96.62013028,36705
27-10-2020,94.90140533,96.52722478,94.0652682,95.31947036,53618
28-10-2020,94.20463562,95.73755268,93.83301829,95.50529274,100749
29-10-2020,93.5542984,95.36593014,93.13623336,94.20463047,62949
30-10-2020,94.76205444,95.83045157,93.08978006,93.83301469,97085
02-11-2020,93.6472168,96.62014139,93.36850202,96.62014139,44852
03-11-2020,93.36849976,94.71560463,93.18269463,93.83301966,35794
04-11-2020,93.78656006,94.52979469,92.99687769,93.32204018,46653
05-11-2020,94.20463562,95.5981953,92.99688106,94.1581808,61976
06-11-2020,95.55174255,100.2898441,93.97237772,94.52980019,182954
09-11-2020,94.94786072,96.62013512,94.57625048,96.62013512,75307
10-11-2020,95.73754883,96.48077637,94.94785937,95.36593151,109527
11-11-2020,95.22657776,96.62013743,94.71560304,96.48078005,54026
12-11-2020,95.83045959,96.52723947,94.62270498,94.76206238,80292
13-11-2020,97.73497009,98.71046458,94.66914345,95.64463084,140235
14-11-2020,97.40982056,98.47821773,96.48078077,98.43176291,27897
17-11-2020,97.50272369,97.92079585,96.5736839,97.13111345,83133
18-11-2020,99.3608017,100.0575815,97.13111189,97.54917696,116252
19-11-2020,100.1504974,102.5659996,98.75693768,99.3608079,202870
20-11-2020,104.8421326,107.4898944,99.91822623,100.615006,648642
23-11-2020,102.5195389,105.7247304,101.7763113,105.7247304,169039
24-11-2020,101.2188721,103.8666409,100.3362872,103.8666409,102921
25-11-2020,101.9621201,103.8666545,100.7079177,103.8666545,96665
26-11-2020,103.6343918,104.006002,100.940175,102.3801824,130196
27-11-2020,103.0305099,104.5169721,102.7517952,104.0524523,78617
01-12-2020,104.1918106,104.5169731,102.1943737,102.1943737,128197
02-12-2020,104.0059967,105.4460111,103.727289,104.8885887,103911
03-12-2020,107.6757126,108.9763697,104.1453586,105.7247305,634808
04-12-2020,105.0743942,108.6047481,104.1453545,108.1402282,238642
07-12-2020,109.9983063,110.8808912,105.6318153,105.91053,586221
08-12-2020,108.8370056,111.3918649,106.9789262,111.3918649,383391
09-12-2020,109.3944397,113.2499564,107.0718401,110.0912196,433011
10-12-2020,107.4434433,109.9053999,103.820187,109.6266852,350035
11-12-2020,108.5583038,109.5802462,106.4215165,107.9544265,176963
14-12-2020,107.3505478,110.3234722,106.9324756,109.1157177,187037
15-12-2020,106.5144119,107.7686142,105.4924696,107.7686142,128691
16-12-2020,107.8150711,109.6266959,107.0718364,107.0718364,211204
17-12-2020,110.9273529,113.8073749,107.9544213,109.347981,827740
18-12-2020,115.5725555,116.5944979,109.8589592,111.4847789,1118476
21-12-2020,112.831871,120.5893584,110.9737916,116.966102,1217650
22-12-2020,114.9686584,116.8731926,106.8860162,111.4847597,345080
23-12-2020,115.9441681,117.059013,113.1570487,115.5725508,225739
24-12-2020,113.7609177,117.1983691,112.8783327,116.5015893,130950
28-12-2020,115.2473755,116.3157655,113.9002637,113.9002637,116261
29-12-2020,112.9712296,116.0835112,112.5067097,115.2938289,148299
30-12-2020,112.831871,114.2718854,111.6705714,113.5751056,85921
31-12-2020,113.9002762,115.0615759,112.3209114,113.3428537,117023
01-01-2021,115.5725555,116.129978,114.0860932,114.0860932,207402
04-01-2021,118.5919266,120.5429086,114.5970528,116.1299698,666451
05-01-2021,123.0513,125.1880941,117.2448022,118.0344916,1072873
06-01-2021,121.2861404,126.0242346,118.0345014,124.1661551,563054
07-01-2021,120.49646,123.5622942,119.8461349,123.2835794,257442
08-01-2021,128.5326538,134.0604374,121.0538811,121.8900112,1798907
11-01-2021,123.0513,129.3687726,122.633235,129.3687726,375954
12-01-2021,122.9584122,125.4203617,122.6796974,123.5622823,201093
13-01-2021,119.9854813,123.8410048,118.4525713,123.5622901,229357
14-01-2021,119.8461304,122.5867949,119.5674156,120.4964554,141383
15-01-2021,119.10289,120.3570993,117.9880452,120.2177349,162879
18-01-2021,117.3841705,120.2177375,116.2228708,119.1028926,138252
19-01-2021,119.2422562,120.589361,117.291267,118.0809494,148856
20-01-2021,120.078392,123.190681,118.9635471,119.5674173,471430
21-01-2021,117.3841705,121.2861417,116.8267481,120.775167,123193
22-01-2021,114.736412,118.2203112,113.9002748,116.3157768,158452
25-01-2021,112.2744446,116.1764155,111.5776648,115.3867261,124778
27-01-2021,110.462822,113.3428436,109.7195874,112.4602587,137961
28-01-2021,110.8344498,111.3454174,108.790558,110.2770202,127010
29-01-2021,110.5092697,112.4602588,109.9053996,111.6705693,115908
01-02-2021,112.3209076,112.6925249,109.5337883,111.345413,133000
02-02-2021,113.2963943,115.1544738,112.6925242,113.2499466,141632
03-02-2021,115.7583542,116.9661087,112.8783323,113.4357548,200584
04-02-2021,118.6848297,119.8461294,115.8048079,116.1299704,267131
05-02-2021,116.1764221,119.7532166,115.7119022,118.6848266,140366
08-02-2021,115.5260925,118.3596666,114.1325329,116.6409445,169173
09-02-2021,115.5725555,117.4306352,115.2009382,116.4551405,100824
10-02-2021,115.7583542,118.3132136,115.2938343,115.2938343,168722
11-02-2021,117.5699768,117.7093271,115.4796375,116.0835076,128630
12-02-2021,114.4112473,115.990612,111.5776732,113.2499476,353469
15-02-2021,115.1544724,116.7802919,112.7854253,112.7854253,125168
16-02-2021,116.548027,117.0590017,114.2718826,115.1544675,156337
17-02-2021,117.6628876,118.9170898,116.2228731,116.8732052,129489
18-02-2021,120.6822586,122.0758182,118.8706339,119.7996737,336312
19-02-2021,119.8461304,124.4913292,118.1738559,121.23969,359341
22-02-2021,120.5893555,122.3545252,118.2203014,119.8925757,198258
23-02-2021,119.1493378,121.4719369,118.7312728,121.1932222,80534
24-02-2021,121.843544,124.2125979,119.5209449,120.3106343,175643
25-02-2021,122.0758209,124.5377848,120.8680806,124.49133,147625
26-02-2021,121.0538864,121.7042114,119.8461319,120.4035614,131682
01-03-2021,125.3274612,128.2074902,121.425497,122.8190567,503815
02-03-2021,131.5055695,132.7597645,123.5622774,126.0706817,1426182
03-03-2021,137.0798187,144.9302018,132.3417103,134.7107645,2772391
04-03-2021,135.4539948,136.8940092,132.8526807,135.6397999,365343
05-03-2021,130.4371796,135.7327177,129.1829844,133.7817284,345814
08-03-2021,133.1778412,135.6397906,125.7455239,131.8771772,396838
09-03-2021,131.4126587,135.639792,130.9945937,133.1778426,257309
10-03-2021,130.019104,132.5275084,129.601039,131.0875082,102371
12-03-2021,130.3907318,133.4565516,128.2074828,130.2049125,237843
15-03-2021,132.8062134,134.8500977,127.7429502,130.9945889,265288
16-03-2021,137.9624023,142.1430812,136.5688427,141.2140415,1541864
17-03-2021,137.68367,141.2140235,136.1972151,139.3559442,580744
18-03-2021,134.9894714,141.5392042,134.0139769,138.5662658,576980
19-03-2021,136.4759216,138.4269106,130.2049039,133.5494523,314737
22-03-2021,134.8036652,137.404965,134.3391453,135.4075353,130498
23-03-2021,136.1043091,136.6617385,134.1533201,134.8500999,152818
24-03-2021,133.73526,138.4269133,132.4346101,137.4978736,170299
25-03-2021,132.6204224,134.9430217,130.5765378,133.1778519,200071
26-03-2021,137.2656097,138.4269093,132.3416967,133.0849313,175400
30-03-2021,136.4759216,138.334001,134.060427,138.334001,129183
31-03-2021,136.1507874,138.4269321,134.6178632,135.8256177,74152
01-04-2021,143.072113,150.3186255,135.0359253,136.61529,593919
05-04-2021,138.7056427,142.9327766,134.013989,142.1430871,339781
06-04-2021,136.5688477,141.5392161,135.8720678,138.705642,190607
07-04-2021,135.2681885,138.4269178,134.0139792,136.2901237,145036
08-04-2021,134.7107544,138.2875629,134.2926894,134.9894691,122720
09-04-2021,136.3830261,138.1946506,133.4565427,134.9430118,217782
12-04-2021,127.0926437,134.6643122,125.8848892,134.6643122,388973
13-04-2021,130.2049103,131.13395,127.5107008,127.5571556,237234
15-04-2021,128.4862061,130.9946107,128.2539461,130.0655709,99013
16-04-2021,127.5571671,130.0655717,127.2784523,129.1365319,55382
19-04-2021,126.9068298,127.4642452,124.3055158,125.4668155,133097
20-04-2021,125.6061554,128.2074692,125.4668051,127.0461697,60503
22-04-2021,124.5842285,126.9532684,124.259059,126.2564886,125752
23-04-2021,124.6306763,126.0706907,123.7480913,124.4448712,88714
26-04-2021,125.373909,128.3468333,124.8164937,125.6526238,172004
27-04-2021,127.231987,128.1610267,125.745532,125.8384274,94192
28-04-2021,129.5081329,131.9236419,126.6281183,126.6281183,110357
29-04-2021,128.2539215,130.8087804,127.6035966,130.0190911,82203
30-04-2021,128.1145782,130.2978274,127.7894228,128.2539427,108414
03-05-2021,130.11203,131.8772,126.3494159,126.3494159,71741
04-05-2021,133.6888275,141.6785758,130.1120326,130.6230074,431559
05-05-2021,132.8062134,136.5223719,131.9700834,135.0823577,155449
06-05-2021,131.8771973,134.5249664,130.7623523,133.7352769,58594
07-05-2021,131.6449127,135.4075261,131.4591076,132.1558874,141620
10-05-2021,133.0849609,134.6643259,131.6449463,131.6449463,80693
11-05-2021,130.5300903,134.6643146,127.6036207,131.92365,112965
12-05-2021,128.1145782,132.6668816,127.7894228,131.273322,242025
14-05-2021,126.4887466,129.9726454,126.0242268,129.8332952,73247
17-05-2021,128.6720123,131.9236516,121.9364738,126.953283,202798
18-05-2021,129.4617004,130.8552601,128.8113612,128.8113612,52172
19-05-2021,129.5545959,130.0655707,128.2539459,129.6010508,88610
20-05-2021,135.7326965,137.1726966,129.3223145,129.6010293,564271
21-05-2021,132.9456024,137.1727222,131.8771981,136.9869171,155002
24-05-2021,131.5520172,134.0139666,130.2513532,134.0139666,48655
25-05-2021,132.2952423,136.5688304,131.319762,134.6178415,111436
26-05-2021,133.3171997,135.2681888,131.9236401,132.2952503,109696
27-05-2021,139.9133911,148.8321641,133.7352683,133.7352683,1533446
28-05-2021,131.830719,142.1430646,130.994589,141.0282199,473677
31-05-2021,141.7714691,147.4850578,131.9236423,132.5275124,1574834
01-06-2021,136.2436829,142.6540661,135.779163,142.5147016,255593
02-06-2021,137.2191772,141.725026,136.197242,137.3585417,362874
03-06-2021,141.6321106,143.2114754,136.3830415,137.4978864,332207
04-06-2021,138.844986,142.74695,136.8011014,141.4927549,185920
07-06-2021,140.1920776,142.0037163,138.8914278,138.9378826,259888
08-06-2021,138.7520905,141.8643651,136.5688414,140.4243506,236200
09-06-2021,138.6127319,144.8837504,137.2656271,138.7520964,545678
10-06-2021,142.2824249,143.5366342,139.3559555,139.4024104,287113
11-06-2021,141.5856628,144.883757,141.2140526,144.6050423,273414
14-06-2021,145.3482666,147.438606,136.8940134,141.6785624,689460
15-06-2021,157.750946,160.2593504,146.3702096,147.2063396,2965811
16-06-2021,156.3109283,160.2128922,150.5044303,157.9367478,1262407
17-06-2021,160.8632202,164.9510034,152.3625125,152.4554222,1816958
18-06-2021,157.7974091,162.7677633,154.31351,161.745828,780320
21-06-2021,161.8851776,164.4400369,151.4334803,153.2915599,454940
22-06-2021,162.3496857,169.7355484,158.9122417,163.0464654,1213300
23-06-2021,163.6039276,169.9213874,161.699393,163.3252128,1043672
24-06-2021,160.3058014,164.8116354,159.7948267,164.3935704,333537
25-06-2021,160.7703247,162.3032346,157.7509456,161.6993644,240885
28-06-2021,147.4386139,155.1496471,146.0450542,155.1496471,740868
29-06-2021,141.6785583,149.7612011,140.4708039,147.9960313,415095
30-06-2021,147.3921356,148.4605397,141.5856378,142.7933922,490663
01-07-2021,145.7198792,149.9469983,145.1624497,147.1598793,438683
02-07-2021,144.8837585,148.5999179,144.4656935,145.9521629,263684
05-07-2021,147.3457184,149.1573432,145.3482743,146.3237689,310308
06-07-2021,147.6244049,150.5044337,147.0669896,147.4385998,191532
07-07-2021,151.619278,157.4257761,151.0154078,153.2915523,1397973
08-07-2021,149.5753937,154.2205922,148.646354,151.5263827,288051
09-07-2021,147.2992401,150.736684,146.3702005,150.1792545,207251
12-07-2021,147.3921356,150.1328139,147.0205254,148.0424747,157796
13-07-2021,146.1379547,149.343139,145.2553698,148.1353845,238192
14-07-2021,142.886322,147.1134559,142.3288925,147.1134559,296859
15-07-2021,140.3779144,144.3263334,139.8669397,144.2334238,192523
16-07-2021,139.9133911,142.1430808,139.4024164,141.1211314,186011
19-07-2021,140.1456451,142.5611399,139.3559557,139.9133852,149219
20-07-2021,137.0333557,140.2849947,136.5688359,140.2849947,165470
22-07-2021,135.8720703,139.0308,135.6862652,138.4733846,218479
23-07-2021,134.3391571,138.0088614,133.7817276,136.5688469,134094
26-07-2021,132.9920349,135.175284,132.4346196,133.0849446,105983
27-07-2021,131.7378387,134.7107631,130.7623442,133.2707487,167459
28-07-2021,140.749527,143.4437367,130.855259,132.4346238,625777
29-07-2021,144.465683,157.0077198,140.4708092,143.9082535,2664092
30-07-2021,142.4217987,145.2553728,142.0966291,144.558593,197687
02-08-2021,142.0037231,144.8837377,141.4462937,144.0011528,200959
03-08-2021,140.703064,144.3727681,139.6346739,142.0037281,192599
04-08-2021,138.3340149,142.5611486,135.7327149,141.167589,228694
05-08-2021,142.3288879,149.110881,132.6204253,139.2630539,1438461
06-08-2021,138.3340149,142.6076035,137.1262745,142.0501739,366969
09-08-2021,141.1211243,141.9572685,134.4320413,137.6836802,517340
10-08-2021,133.5494537,140.2849914,131.2733094,140.1456411,356551
11-08-2021,132.1094666,135.6398209,129.8333217,134.2462611,228195
12-08-2021,134.7572327,137.0333775,132.5739834,133.3172181,249467
13-08-2021,134.9430237,139.7740275,131.2733195,134.5249586,524620
16-08-2021,131.923645,134.8965694,131.1804104,134.8036739,155600
17-08-2021,133.1313934,134.2462383,131.5055739,132.1094441,121269
18-08-2021,132.2952423,134.1997765,131.9236321,133.4565419,103218
20-08-2021,126.6281204,132.2952544,125.4203659,130.1584743,152788
23-08-2021,121.4254837,128.5790864,120.7751588,127.2784365,149076
24-08-2021,124.77005,126.3494149,121.7506706,121.7506706,133060
25-08-2021,126.3958588,128.5790936,123.7945447,126.3029491,170712
26-08-2021,125.7455444,128.486209,124.723595,126.256505,100337
27-08-2021,125.420372,126.3958666,124.537787,126.3958666,50824
30-08-2021,125.8384399,129.1829889,125.0952053,125.6526348,183225
31-08-2021,125.2809982,127.2319729,124.8629191,126.4887384,95402
01-09-2021,125.6526184,128.6719974,125.4203585,125.9313332,190422
02-09-2021,126.6745834,128.9042733,125.8848939,125.8848939,262865
03-09-2021,125.9313354,128.2074799,125.4203608,127.2784402,134908
06-09-2021,126.3029404,128.3003842,124.4913158,126.1171353,189774
07-09-2021,124.9558487,127.5107081,124.4913288,126.3494083,109715
08-09-2021,126.1171494,128.1145792,125.4203695,125.6061746,385290
09-09-2021,125.373909,127.2319885,125.0022988,127.0461833,227323
13-09-2021,124.6306763,126.1636004,124.259066,124.491326,233059
14-09-2021,126.9113922,127.5290757,125.0108098,125.4859554,181187
15-09-2021,126.3887253,128.1467697,124.9632885,127.814162,242791
16-09-2021,125.4384232,128.0517236,125.0107951,125.9135687,501249
17-09-2021,125.6759949,126.7688238,125.4384221,126.3887132,145024
20-09-2021,123.3002777,125.8185435,123.0627049,125.4384328,260400
21-09-2021,122.6825867,123.8229331,121.2571428,122.5875518,151558
22-09-2021,122.064888,124.3930983,121.6847774,123.3477868,160475
23-09-2021,123.7278976,125.0107964,122.9201589,123.2527521,366852
24-09-2021,122.967659,124.963276,122.3974931,123.7278948,172267
27-09-2021,123.6803894,127.4815541,121.874842,124.678198,975065
28-09-2021,123.3002777,126.388724,122.7300972,124.3456038,227131
29-09-2021,123.6803894,124.0129971,122.0173799,123.2052438,270227
30-09-2021,126.1036377,130.9501286,125.0583261,127.3390191,1059859
01-10-2021,130.8550873,133.4683879,124.535657,125.2958928,456912
04-10-2021,131.757843,133.4683697,130.807552,132.0904507,323168
05-10-2021,138.0297852,141.0231964,128.8594816,131.5202852,1408140
06-10-2021,136.0816803,141.8784617,135.0363688,139.0275885,421297
07-10-2021,133.9910431,138.3623879,133.6109325,136.0816806,143150
08-10-2021,136.0816803,140.1679349,134.4661884,134.4661884,324598
11-10-2021,134.2761383,137.7922126,133.2308123,136.0816856,127479
12-10-2021,131.757843,136.7943883,129.6196882,134.9888412,357781
13-10-2021,134.1811066,139.6452806,132.090469,132.090469,529171
14-10-2021,134.2286224,137.3645861,133.4208692,134.9413408,252335
18-10-2021,132.6131287,136.9369562,131.6153201,134.941339,270170
19-10-2021,129.6672058,134.8938064,128.4318246,134.8938064,184757
20-10-2021,128.6694031,131.0926482,127.5765742,130.1898746,149561
21-10-2021,128.6694031,130.0473367,127.8141469,129.3346184,118660
22-10-2021,126.626297,131.14018,125.438433,129.3346326,116705
25-10-2021,125.4384232,128.0517236,124.1080214,127.2914879,82175
26-10-2021,127.6241074,128.5268811,125.4384348,125.4384348,88123
27-10-2021,129.3821106,130.4274365,127.4815286,128.2892818,125361
28-10-2021,126.5312576,129.6197038,125.5334635,129.6197038,94328
29-10-2021,124.7257004,128.146754,123.7754093,126.3887097,113356
01-11-2021,125.9610901,127.3390093,124.7732262,124.9632815,66194
02-11-2021,127.1489487,128.2892951,126.1511401,126.4837478,60187
03-11-2021,126.008606,128.1942639,125.0583149,127.3390077,73908
04-11-2021,127.1964798,127.8141633,126.2461886,127.8141633,20515
08-11-2021,129.4296417,130.6175056,126.5787685,127.8141498,97820
09-11-2021,130.1423645,131.4252633,129.4296462,131.1401731,104144
10-11-2021,128.7169495,131.8529136,128.0992659,129.7147582,121020
11-11-2021,129.1920776,130.1898862,128.194269,128.3368214,68332
12-11-2021,128.146759,131.1401702,127.3390058,129.1920705,91066
15-11-2021,127.0064011,132.1379818,126.1036274,127.3390088,128771
16-11-2021,128.3843231,129.477152,126.9588866,127.5765699,84873
17-11-2021,127.1964798,130.7600717,126.9113895,128.3843438,119198
18-11-2021,125.9135818,128.2417923,124.5356625,127.6241089,123370
22-11-2021,123.1102142,126.1036254,122.0648882,125.9135701,130359
23-11-2021,124.2030411,125.4384224,121.5422304,122.8726394,90796
24-11-2021,126.4837646,128.0992568,123.8229464,123.8229464,86035
25-11-2021,125.3433838,127.6716085,123.7754094,123.7754094,57662
26-11-2021,121.922348,125.4384221,121.5897403,124.488131,81576
29-11-2021,117.6935501,123.5378418,116.9333216,122.1124051,129895
30-11-2021,118.2637253,120.5919428,117.8360972,117.8360972,54534
01-12-2021,119.261528,121.6372557,117.8836089,118.8814101,104534
02-12-2021,119.118988,120.5444247,118.5963323,119.3090506,46798
03-12-2021,119.6891556,121.3521649,119.2140101,119.736673,63916
06-12-2021,119.4040756,122.3024591,117.8836113,119.6891586,49682
07-12-2021,119.118988,120.3068519,117.883614,120.0217689,35755
08-12-2021,121.2571411,121.6847765,119.1189862,119.1189862,69613
09-12-2021,121.3996887,122.6825875,120.2118248,121.6372615,65015
10-12-2021,121.5897446,123.775417,121.0670888,121.0670888,77422
13-12-2021,121.2571411,124.0129867,120.7344854,121.7322939,58561
14-12-2021,121.1146011,122.1124097,120.5919454,121.494719,32029
15-12-2021,120.4969254,121.9698796,119.5941444,121.5897544,48127
16-12-2021,120.0692749,121.1621111,119.9267298,120.6869655,46519
17-12-2021,118.0736694,120.68697,117.6460413,120.1167968,50322
20-12-2021,113.7498474,118.073675,112.1343554,118.073675,115585
21-12-2021,114.7001419,116.2681238,114.2725138,114.3200312,36152
22-12-2021,116.2206039,117.0283499,114.7001324,114.9852226,45938
23-12-2021,116.8858032,118.3112398,116.31563,116.7907756,28202
24-12-2021,116.078064,117.9786462,115.2228005,117.2659279,28802
27-12-2021,114.937706,116.2206048,114.6051056,114.6051056,30853
28-12-2021,114.9852219,116.5056862,113.9399031,115.5553951,102888
29-12-2021,115.9355164,116.8858075,114.9852252,114.9852252,49759
30-12-2021,114.937706,116.6482329,114.7951681,115.9355146,50296
31-12-2021,116.078064,118.1687016,115.2228005,115.5554009,70852
03-01-2022,116.2681198,117.8361016,115.222801,116.5532101,122002
04-01-2022,116.6957474,118.5012946,116.2206018,116.8382852,96324
05-01-2022,119.0239639,121.4472092,116.6957536,116.6957536,273938
06-01-2022,117.598526,118.2637269,116.8858077,117.9311264,107895
07-01-2022,117.3609543,120.1168,116.6957534,117.7885824,134867
10-01-2022,117.7885818,118.7863904,115.9830345,117.7410716,79484
11-01-2022,116.9808273,118.4062639,116.6957444,117.8360907,88679
12-01-2022,117.741066,120.8770222,117.1708928,117.4084656,144188
13-01-2022,117.598526,119.1665078,116.7432625,118.7388724,104831
14-01-2022,117.1233826,118.6438469,116.6957545,118.0261562,134155
17-01-2022,120.7344894,121.732298,117.741071,118.026154,297323
18-01-2022,118.216217,122.4925198,117.8360991,121.3521734,122388
19-01-2022,117.5034943,119.4040764,116.4106581,118.7388683,134084
20-01-2022,117.6935501,119.2615319,117.3609497,118.1211855,67399
21-01-2022,115.697937,118.8339004,115.2703089,117.1233736,104760
24-01-2022,112.8470688,116.5532055,112.1818679,114.6051059,152745
25-01-2022,113.2746964,114.1299598,106.7652038,113.4172415,82884
27-01-2022,111.3741074,113.749835,110.3287887,113.2746894,68559
28-01-2022,111.7067184,114.8901921,111.0415103,111.9442912,105125
31-01-2022,111.6116943,113.5597941,110.2812925,112.4194476,72861
01-02-2022,112.2768936,114.4150486,111.2315749,112.4194387,103374
02-02-2022,125.4384232,127.9566887,112.8470663,113.2746944,915084
03-02-2022,120.8295135,124.9157609,119.7841948,124.9157609,248654
04-02-2022,119.7366867,121.9223593,118.9764509,120.7820055,147846
07-02-2022,122.064888,123.4428072,119.3565598,119.7841952,150108
08-02-2022,120.7344894,123.34779,119.4515906,122.6825891,94396
09-02-2022,128.3843231,130.0948354,122.1123966,122.5875421,553421
10-02-2022,127.3390121,130.1898856,125.7235201,128.2893033,187890
11-02-2022,125.0583038,126.9113684,123.7754052,124.6306613,92053
14-02-2022,116.6482391,121.7798056,115.5554029,121.6372677,140343
15-02-2022,120.1167984,121.0670895,114.8426798,117.8360983,192437
16-02-2022,121.3996887,124.8682455,118.9764435,118.9764435,165462
17-02-2022,119.6416473,123.4428044,119.0239567,121.9698648,196536
18-02-2022,120.2118225,122.3499775,117.9786399,119.6416493,111944
21-02-2022,116.1255722,120.8295176,115.5078888,120.8295176,100154
22-02-2022,115.2703171,118.6438462,112.9420995,114.9852268,183159
23-02-2022,125.8185425,130.0473497,115.6029199,115.6029199,1066646
24-02-2022,115.9830322,121.5422337,112.3244057,121.1621158,608093
25-02-2022,119.4990997,123.0626912,117.1233721,117.1233721,215073
28-02-2022,121.5422363,122.4925202,115.6979445,117.8360995,207481
02-03-2022,121.7797928,123.537837,118.026146,118.026146,208342
03-03-2022,121.4472046,126.1986601,120.7344863,122.3974957,186221
04-03-2022,119.4990997,122.0173652,115.8879908,121.4471993,218090
07-03-2022,122.4925232,123.3953114,115.9355201,116.6957559,315359
08-03-2022,123.0626984,126.7688279,122.5875528,125.3433912,221204
09-03-2022,123.2052383,127.4340454,122.8726451,123.1577354,254521
10-03-2022,122.6350708,125.9135722,122.1124078,125.9135722,214136
11-03-2022,131.2826996,135.3214364,121.9698591,122.5875425,1432586
14-03-2022,136.9369659,139.5027492,133.0407663,133.0407663,1038254
15-03-2022,142.5911865,151.5239173,138.267359,138.267359,2217737
16-03-2022,152.6167603,154.3747901,144.1116431,146.2022952,1743187
17-03-2022,147.8652954,155.7526996,146.3923414,154.3747805,642779
21-03-2022,152.7592926,155.3725931,147.7227469,149.1006661,773942
22-03-2022,152.9968567,154.9449562,149.4332653,154.3272583,469655
23-03-2022,149.5283051,154.6123536,148.4829791,153.8046149,337546
24-03-2022,149.908432,152.3791948,148.0553671,148.2454225,252803
25-03-2022,163.7351685,166.3009517,148.9106207,150.811203,1570504
28-03-2022,164.1152649,169.1518105,157.9858904,166.3009373,1231072
29-03-2022,162.1671906,170.3397008,161.5495071,166.3009632,701729
30-03-2022,164.9230194,166.2059037,162.8798849,163.9727283,313882
31-03-2022,159.3162994,169.6269638,157.9383802,165.7782819,430096
01-04-2022,161.7870636,163.4025556,159.4113358,159.6489086,725548
04-04-2022,168.7717133,173.7607418,162.357248,162.404751,1271292
05-04-2022,185.306778,190.5808968,164.6854625,168.2015369,4005590
06-04-2022,188.5377502,194.7146425,182.7409832,185.3067663,2843131
07-04-2022,182.9310455,190.2482845,179.652544,188.4427371,626706
08-04-2022,182.7884979,190.5333645,179.9851276,184.2139346,706945
11-04-2022,184.4039764,188.1576231,182.5033944,183.6912582,466597
12-04-2022,183.3586731,185.2117379,176.80167,185.2117379,487951
13-04-2022,187.8725433,193.336717,182.1707969,184.2614343,1427350
18-04-2022,201.9843903,204.1225454,184.4990241,187.2073597,3360577
19-04-2022,192.053833,204.7877277,185.5443333,202.9821804,1258024
20-04-2022,201.5567627,206.1656662,190.1532687,193.1941975,1407881
21-04-2022,209.9193115,211.9624462,200.939063,202.4120172,1785489
22-04-2022,204.882782,212.8177045,201.9368736,204.9302849,716232
25-04-2022,199.9412384,203.50483,194.9522102,200.6064538,662878
26-04-2022,208.208786,209.7767605,201.6517687,201.6517687,785170
27-04-2022,212.6276398,213.8155037,200.6064628,204.4551303,806228
28-04-2022,210.0618591,215.668571,205.7380315,213.8155062,1137107
29-04-2022,200.083786,214.243117,195.8549937,212.0099417,455052
02-05-2022,206.1656494,207.1159405,195.66493,197.5655121,684896
04-05-2022,200.2263184,206.2131548,196.3301338,206.2131548,915491
05-05-2022,204.5501404,210.4894592,199.5135951,201.081584,512961
06-05-2022,200.7014771,204.6451938,197.7555833,199.5611306,415889
09-05-2022,198.1832123,200.5114226,194.809676,198.3257501,297506
10-05-2022,192.5289764,203.6948965,185.6393662,196.7102513,386132
11-05-2022,178.5596924,193.0991492,176.9442004,186.2570561,752919
12-05-2022,180.0801697,183.8813342,169.5319323,173.2380764,395466
13-05-2022,179.0348358,187.4924352,176.0889421,180.9829355,283405
16-05-2022,182.0282593,185.2592431,176.659106,178.1795775,537784
17-05-2022,197.3754578,199.0859846,182.9785535,182.9785535,602138
18-05-2022,203.504837,207.1159462,193.859388,195.8550051,753788
19-05-2022,182.2658386,204.2175547,180.5553117,200.3213698,1658352
20-05-2022,184.5940552,189.8206565,182.5034176,185.9719744,595958
23-05-2022,177.2768097,186.2570578,176.7541467,184.7365862,282889
24-05-2022,168.9617462,179.7475406,168.2015105,177.7994556,361378
25-05-2022,162.7373505,170.6722869,157.8908601,168.439097,850196
26-05-2022,166.1109009,169.5794579,157.7483356,164.6854641,485668
27-05-2022,163.6401215,170.1021037,162.072147,167.2987479,253387
30-05-2022,173.1905365,174.615973,165.6832433,165.7307463,323483
31-05-2022,171.1474457,175.8989015,170.1021196,171.5275563,295385
01-06-2022,170.1021118,174.4734568,169.3893935,172.1927494,201242
02-06-2022,173.7132111,176.9917124,169.1993285,169.9120468,231213
03-06-2022,175.4712524,178.2271054,174.2833885,175.6138048,199554
06-06-2022,174.1883545,175.5662736,171.0523911,174.140837,97981
07-06-2022,172.0026855,175.8038499,171.004877,174.6635035,127128
08-06-2022,171.194931,176.0889388,170.1496195,172.0977192,137449
09-06-2022,171.0998993,174.758511,169.6269453,171.1949197,140398
10-06-2022,168.0589905,173.8082402,167.2037198,170.0545931,133194
13-06-2022,163.9727478,166.0158681,162.6898489,165.7782953,106665
14-06-2022,164.3528442,166.3009439,162.1671718,162.4997795,77226
15-06-2022,168.2965698,169.6269716,164.4003703,164.4003703,118669
16-06-2022,162.8798981,170.1971516,159.6489139,168.534142,170250
17-06-2022,160.6942291,162.4047415,157.5582656,160.6942291,99500
20-06-2022,154.517334,161.121854,150.8111901,160.2665834,163068
21-06-2022,157.7958374,161.5019668,153.8996382,154.7549088,176373
22-06-2022,153.5195465,157.7958569,153.0919184,156.7505308,43487
23-06-2022,160.2190857,164.4003607,153.9471586,153.9471586,133290
24-06-2022,162.8323822,164.8755022,158.6986102,158.6986102,214022
27-06-2022,169.674469,173.2855779,164.3528333,164.4003508,371075
28-06-2022,172.7629242,174.8535617,167.3462678,167.9639513,254838
29-06-2022,174.4259491,178.1795964,169.6744932,170.8623572,201623
30-06-2022,175.89888,178.6547183,173.1430272,173.903263,157406
01-07-2022,182.9310455,191.9588114,175.8988969,175.8988969,456570
04-07-2022,183.5487061,189.5830599,181.5531036,183.7862788,230380
05-07-2022,187.4449158,189.4405328,184.3564698,186.162017,365306
06-07-2022,187.730011,189.6305932,184.4515096,187.4449208,135358
07-07-2022,191.0560303,195.6649334,186.2570573,188.72782,325564
08-07-2022,190.2482605,192.2913949,188.4427133,192.0538221,118256
11-07-2022,190.9609833,192.766545,186.7797085,190.0582097,172150
12-07-2022,185.5918579,194.6196235,183.7387931,190.5808863,114968
13-07-2022,189.9631805,194.5720981,188.1101158,188.1101158,200474
14-07-2022,188.6802979,194.239492,187.3023787,191.9587992,209042
15-07-2022,184.0713959,190.2958059,181.8857233,188.6327964,169825
18-07-2022,192.338913,193.8593845,185.0216744,185.0216744,391848
19-07-2022,198.7533722,199.941236,191.0085057,192.2914045,704839
20-07-2022,198.8484344,203.2672827,195.1423046,200.5114441,468942
21-07-2022,199.7511902,200.9865715,196.2826334,199.2760446,193509
22-07-2022,202.5545349,204.2650617,201.1766158,201.1766158,243932
25-07-2022,203.5523529,208.5413812,199.6561681,202.4120065,173953
26-07-2022,203.1247253,204.2175543,199.6561686,204.027499,116427
27-07-2022,210.9646149,214.1480957,200.3213579,203.0771962,652918
28-07-2022,207.1634521,217.9967645,203.789916,212.8651985,390460
29-07-2022,209.5866852,212.8651863,202.8396132,210.251886,306305
01-08-2022,229.1626892,230.8732161,213.292831,213.5304038,1476795
02-08-2022,231.1107941,233.6290742,221.8454558,230.7306834,740264
03-08-2022,226.8344879,233.1539326,225.2189959,231.4909231,334305
04-08-2022,228.9251099,232.821309,224.2686895,227.1195627,516707
05-08-2022,232.7262878,234.4843322,229.4477864,230.3980775,644177
08-08-2022,239.8534851,244.4149001,234.7219186,237.2877019,984366
10-08-2022,243.939743,250.449214,239.5208806,240.0435436,1074256
11-08-2022,246.6005554,252.3023024,244.6524701,246.4104856,644228
12-08-2022,230.0654755,248.5961515,228.2599137,248.5961515,1057203
16-08-2022,231.7285156,235.1020378,225.5991258,230.9207623,507112
17-08-2022,225.4090424,232.2511353,223.3659223,231.3958791,387031
18-08-2022,227.8798065,233.7716084,222.3681153,226.1217622,374051
19-08-2022,227.7372589,233.6765784,226.1692844,228.9726403,525926
22-08-2022,221.8929749,231.395886,219.9923926,226.1692849,565052
23-08-2022,227.4521942,229.7804046,219.6122922,219.849865,591096
24-08-2022,238.903183,239.9960265,227.4521865,229.0676785,1498411
25-08-2022,242.0866699,245.317654,239.0932586,240.7562681,630230
26-08-2022,249.8315125,252.1122052,236.5274377,242.0866462,732505
29-08-2022,247.028183,249.6414835,237.6678099,239.7584474,677406
30-08-2022,243.8921967,251.3044844,243.2269958,248.3110443,307985
01-09-2022,244.3198395,249.8315161,241.4689663,241.4689663,315636
02-09-2022,243.6071167,249.356366,242.8943984,245.0800562,269554
05-09-2022,260.1896667,262.1852837,243.7971468,244.1297545,1456840
06-09-2022,252.1122131,266.0815037,249.7840174,261.567621,825634
07-09-2022,246.9331512,254.5829831,245.4601826,250.8768536,523796
08-09-2022,244.9850464,251.2569738,242.609333,248.9762808,488157
09-09-2022,240.9462891,247.8834164,239.6158729,245.4126539,253265
12-09-2022,236.5274506,243.0844679,235.7672293,242.1816942,501077
13-09-2022,243.2398529,246.9582217,237.8795913,239.4248822,604594
14-09-2022,240.2458344,246.0890023,238.9902753,241.2116467,300899
15-09-2022,241.0667877,245.2680629,239.907801,241.4531068,347606
16-09-2022,226.33815,244.2539589,207.5530864,243.3847336,378983
19-09-2022,231.9398499,234.6924212,224.3582311,225.0342969,323934
20-09-2022,234.4509583,238.2659143,233.726599,233.7748925,192986
21-09-2022,228.7043915,235.9479849,226.9659261,235.3684915,179936
22-09-2022,219.0462646,236.382595,217.3560929,229.863361,572697
23-09-2022,232.4227448,248.2137832,220.1569304,220.1569304,1821660
26-09-2022,218.3701782,234.692401,216.39026,234.692401,496616
27-09-2022,220.8330078,227.4971225,217.7907045,221.1710481,392115
28-09-2022,218.4184723,226.3864247,216.9697537,220.2052312,391032
29-09-2022,217.2595062,223.1026745,214.603522,219.9154904,236233
30-09-2022,221.895401,224.0684789,215.8107799,217.2594985,331058
03-10-2022,216.1005249,221.6056526,214.4586468,221.2193336,161928
04-10-2022,219.7223358,222.9095199,216.5834453,219.9154954,276814
06-10-2022,221.509079,225.0342883,219.7223202,219.7223202,261517
07-10-2022,222.6197662,226.7244691,218.949676,222.6197662,377102
10-10-2022,229.7667694,233.1471129,218.1287415,222.04027,468056
11-10-2022,225.9035339,236.4308988,224.1650833,231.7467024,274022
12-10-2022,224.1167755,231.215488,220.2535258,227.3522383,271071
13-10-2022,229.6701965,231.2154876,221.3642038,225.034294,184973
14-10-2022,232.1813049,236.3343014,229.863361,232.4710516,317127
17-10-2022,235.5133667,236.6240451,228.4146395,232.7607954,206696
18-10-2022,228.1731873,240.1975491,226.9659217,236.5274589,238897
19-10-2022,227.6419678,233.678295,226.0966769,230.7325643,194032
20-10-2022,230.9257507,232.3261758,225.3723294,225.3723294,203197
21-10-2022,233.3885803,238.8454297,230.9257703,230.9257703,241183
24-10-2022,231.7949829,238.6039635,228.3180523,235.0787393,83407
25-10-2022,241.8877258,247.7308941,229.8633637,229.8633637,513463
27-10-2022,247.2479858,248.6001174,243.3847361,244.3505485,363491
28-10-2022,251.2078247,254.6847554,246.1855882,249.1796127,352863
31-10-2022,257.5822144,260.479652,252.0770711,255.9403213,514118
01-11-2022,257.5822144,260.6727968,252.8497094,260.6727968,283724
02-11-2022,257.7270508,259.8035416,252.6082273,255.0710666,237009
03-11-2022,261.3488464,266.4676405,256.085157,256.1817441,467721
04-11-2022,259.5137939,265.0189067,257.388995,262.700963,178305
07-11-2022,259.368927,261.9283536,256.0368917,259.5621013,199738
09-11-2022,268.4475708,274.1941369,259.0791786,262.5078009,666006
10-11-2022,257.5338745,269.3650766,254.4915713,265.5984141,331453
11-11-2022,254.0569611,270.4274944,252.8980038,264.7292066,673109
14-11-2022,255.3608093,265.405253,248.5035349,258.596287,664887
15-11-2022,252.4150848,260.2864503,250.1454197,256.0368815,326929
16-11-2022,249.9039612,256.423195,248.6484168,253.6223449,178648
17-11-2022,241.6462555,251.4975389,240.1009645,249.9039543,285749
18-11-2022,243.9642181,248.5035187,240.9701938,241.4531,181483
21-11-2022,241.8394318,246.4753345,240.1975535,244.8817498,131440
22-11-2022,246.0407104,248.4552415,241.259942,243.1915668,140479
23-11-2022,252.4633484,256.423185,247.7791525,248.1171927,353023
24-11-2022,251.0629578,258.886015,249.9522499,253.6706337,253201
25-11-2022,246.9099426,254.4915761,246.1855833,251.2078197,128691
28-11-2022,238.3625031,248.889867,236.8171973,247.1996806,405686
29-11-2022,235.1753387,243.0467046,234.3543922,238.5556824,331108
30-11-2022,239.038559,240.4872775,234.98215,236.5274409,342858
01-12-2022,241.2116547,243.1915731,239.0385767,240.2458422,316643
02-12-2022,238.7488251,243.7710467,237.5898531,241.4531028,159701
05-12-2022,242.4672089,243.2398617,238.1693466,239.8112247,195646
06-12-2022,240.7287445,245.4129406,239.0385728,242.4189162,137778
07-12-2022,238.700531,244.4471266,236.7206274,240.728743,133326
08-12-2022,240.2941437,242.2740622,237.5415723,238.7971314,271006
09-12-2022,242.6603699,247.3928448,240.728745,241.4531044,280336
12-12-2022,247.4411316,250.5800217,237.589834,243.4812951,290902
13-12-2022,245.8475647,249.7107998,243.7227802,248.2138023,187068
14-12-2022,246.0407104,250.8214936,243.8676325,246.23387,157151
15-12-2022,246.1855774,250.4351461,244.6402864,246.4753241,163754
16-12-2022,242.370636,248.2138044,241.066798,245.8958603,157099
19-12-2022,248.117218,253.0428675,242.3706368,242.3706368,712945
20-12-2022,254.6364288,255.8436943,249.1313159,249.3244607,601305
21-12-2022,237.976181,258.5480038,231.9881468,256.8095237,778321
22-12-2022,233.14711,241.0667835,229.3804475,239.3766118,291976
23-12-2022,217.452652,230.5394127,215.3761613,229.9599341,310959
26-12-2022,231.1189117,234.1612149,213.4928353,218.5633505,231389
27-12-2022,231.891571,236.6240461,228.8975466,231.7949839,165612
28-12-2022,233.9680481,235.4650602,230.1530922,232.1330105,123758
29-12-2022,231.4086609,235.6582296,230.0565147,234.4992577,129693
30-12-2022,226.676178,233.7749053,225.0342998,233.6783182,349215
02-01-2023,234.4026794,235.8996917,227.6902858,228.1248985,125073
03-01-2023,230.8774567,238.3625027,229.6218976,235.561638,127253
04-01-2023,232.8573914,235.3684949,229.8150732,231.6984046,232223
05-01-2023,235.6582336,240.2458427,231.8432775,234.064649,256520
06-01-2023,233.87146,239.9560809,232.326169,235.7065123,156356
09-01-2023,236.7206268,239.76293,234.5475489,234.6441213,364099
10-01-2023,234.2095032,238.5556589,230.4911196,236.4791682,167552
11-01-2023,233.3402863,236.2377235,232.4710462,232.5676334,183429
12-01-2023,232.229599,235.8031021,229.3804552,232.8090924,88808
13-01-2023,232.229599,233.6783177,230.2014017,230.2014017,88561
16-01-2023,230.0082092,234.7406987,229.3804371,232.7607804,58845
17-01-2023,229.9116364,231.7949675,228.3180371,229.8150492,73846
18-01-2023,233.1954041,234.5958291,230.6843006,231.0706197,71013
19-01-2023,231.6983948,233.5334472,225.0342949,230.8774631,114892
20-01-2023,241.2599487,243.8676394,230.008225,231.6983968,388270
23-01-2023,237.6864471,242.4189222,235.6099416,242.4189222,167725
24-01-2023,235.8996887,238.8454196,233.8231979,238.8454196,78232
25-01-2023,232.4710388,235.0304505,230.1048014,235.0304505,147388
27-01-2023,218.8048096,235.6582336,216.3902785,232.5193432,262745
30-01-2023,227.1590881,228.8009664,218.1287505,223.1026787,206709
31-01-2023,231.5052185,232.5193244,226.5795843,228.1248753,140975
01-02-2023,223.4407043,234.1129196,220.6398395,232.664201,358389
02-02-2023,223.3441162,228.3663377,222.1851443,224.5996753,114696
03-02-2023,221.6539459,227.1107801,217.1146306,224.30993,173032
06-02-2023,218.9979706,223.7304456,217.4526648,221.0744614,88423
07-02-2023,222.1851349,223.3441068,219.6257233,220.1086295,179279
08-02-2023,222.9577942,225.9035102,221.1227418,223.1026602,124839
09-02-2023,228.8975525,230.8291774,222.9095182,223.1026777,135559
10-02-2023,239.5697784,240.5838845,227.497123,229.7667733,396214
13-02-2023,235.1753387,240.3907202,229.2838767,239.5697885,237742
14-02-2023,222.4748993,236.6240455,220.2052342,236.5757519,776307
15-02-2023,221.315918,224.4548084,220.4949862,222.1368644,230997
16-02-2023,217.9355621,223.8753172,217.2594964,223.7787301,193608
17-02-2023,217.5492554,221.943705,216.9214832,217.9355745,152677
20-02-2023,217.9355621,221.4607862,217.4526559,218.6116426,130719
21-02-2023,218.0804443,221.1227475,216.486845,218.7565101,120447
22-02-2023,215.7624969,218.0804557,214.0723251,216.631737,80962
23-02-2023,211.1266022,218.2253147,210.5471088,216.8248896,195395
24-02-2023,210.0158997,213.9274428,207.1667561,212.0441116,281158
27-02-2023,203.8347015,210.740254,199.9231585,210.0158947,212207
28-02-2023,201.565033,206.104348,201.0821268,201.0821268,206195
01-03-2023,202.2894135,203.496679,201.3718946,202.7240261,254719
02-03-2023,198.4744415,204.607356,198.0398289,202.8205972,219189
03-03-2023,206.2492371,211.7060711,198.5710316,199.8748694,433537
06-03-2023,207.6496735,216.2936918,205.7180486,207.2633544,422387
08-03-2023,208.0359955,212.9133513,204.5107859,207.1184766,501452
09-03-2023,215.955658,217.3077894,208.0359845,208.0359845,271917
10-03-2023,210.2090607,214.8932567,209.1466759,213.4445381,135031
13-03-2023,200.3577728,211.078296,199.5368412,210.4988027,179248
14-03-2023,199.8748779,204.4624869,198.3295869,202.3377026,175819
15-03-2023,200.9855652,203.448375,198.9573533,201.8064969,112417
16-03-2023,197.0257263,201.8064947,195.6253013,199.4885508,159079
17-03-2023,200.9372711,202.241109,197.025728,197.2188875,275605
20-03-2023,201.6133423,206.0077917,200.0197577,200.6958234,214229
21-03-2023,205.3317261,207.9877102,201.8065019,201.8547955,247498
22-03-2023,205.7663269,208.6154704,204.8488081,206.2975267,159282
23-03-2023,203.4483795,207.5048035,201.9513821,203.7864198,102668
24-03-2023,201.4684753,205.86291,200.7923949,204.462485,217713
27-03-2023,197.6535034,201.9030869,196.1082124,201.8547933,266383
28-03-2023,194.8526459,198.3295763,193.1624742,197.9432425,211691
29-03-2023,210.5954132,212.0924255,194.7560798,194.8526669,456484
31-03-2023,210.8368378,214.3137534,208.3257198,212.4787158,149270
03-04-2023,225.5654907,227.4005284,210.9334239,211.8992363,391756
05-04-2023,227.5936737,228.8975263,223.1026522,226.7244485,129999
06-04-2023,223.2958221,229.4770303,222.2334374,227.5936843,111761
10-04-2023,222.6680603,227.9317351,221.1710481,224.4548045,77727
11-04-2023,224.8411255,226.6761631,221.8471012,223.778726,187964
12-04-2023,224.0684662,227.8351285,222.4748817,225.0342785,121288
13-04-2023,231.1189117,236.6240395,223.5372785,225.9035159,709144
17-04-2023,239.8595123,241.2116438,231.4086539,231.6983859,326860
18-04-2023,236.3342896,241.4048046,235.754811,241.4048046,128750
19-04-2023,233.5817413,239.2317352,232.7607949,236.7206317,76446
20-04-2023,227.0625,235.6099309,225.3240347,235.1753182,120197
21-04-2023,227.835144,230.8291684,222.1368567,230.8291684,137048
24-04-2023,227.6419678,231.7949638,224.4065052,227.8351273,183292
25-04-2023,235.0787354,237.3001068,227.6419827,227.6419827,227924
26-04-2023,229.7184906,236.7206307,226.9659193,235.0787378,180204
27-04-2023,232.5193481,233.5817477,228.8009643,229.959951,75988
28-04-2023,232.2778778,235.6099276,230.1047999,233.6300092,159552
02-05-2023,236.5757446,240.4389942,231.7949762,232.2778824,313454
03-05-2023,233.2436981,237.589854,230.7325799,236.430882,148027
04-05-2023,232.6159363,237.9279048,232.1330301,234.4509741,103625
05-05-2023,230.9740448,235.416788,230.297979,232.7125102,98488
08-05-2023,236.2377167,239.3283134,230.9740274,234.4509579,284421
09-05-2023,243.7227631,252.0770344,236.1411299,236.1411299,682554
10-05-2023,247.5377045,251.1112221,242.7569508,245.3163478,395728
11-05-2023,243.6261749,249.9039555,242.3706159,248.2137838,373001
12-05-2023,240.1975403,246.1855742,239.3766086,244.3505365,289003
15-05-2023,237.1069489,242.6120767,235.9962705,241.3565176,356722
16-05-2023,248.3103638,250.2419885,237.5415471,237.5415471,438947
17-05-2023,240.7770386,248.6966974,239.0385733,248.6966974,180685
18-05-2023,242.370636,248.0206301,238.121067,243.1915825,328909
19-05-2023,245.3646393,246.2821581,239.569765,242.4189086,310216
22-05-2023,246.3304596,248.2137909,242.0325973,246.282166,244814
23-05-2023,240.5838776,250.0971357,238.5556656,245.7509651,221949
24-05-2023,237.8796082,242.4672173,235.0787432,238.8454206,287906
25-05-2023,221.7988129,235.6582268,220.9295876,234.2095082,973320
26-05-2023,217.9838562,225.4689023,217.4043776,223.1026649,439370
29-05-2023,222.0885773,223.7304555,217.9838742,221.1710584,374573
30-05-2023,223.6821594,224.7445442,222.1368537,222.1368537,122411
31-05-2023,217.06633,224.5030823,212.5270148,223.5372699,268106
01-06-2023,217.8389893,221.4124922,216.1488176,216.1488176,214203
02-06-2023,216.2453918,221.171041,215.6176197,219.5291629,172798
05-06-2023,212.7684784,218.804806,212.1406915,217.3077938,287614
06-06-2023,207.9394226,213.7825909,207.4082228,212.9616444,287734
07-06-2023,208.8086548,211.0300264,208.3740421,209.1949886,221027
08-06-2023,207.2633514,213.589411,205.7180457,210.015908,295061
09-06-2023,206.2492371,208.3740214,205.7180373,208.3257278,110578
12-06-2023,206.7804565,208.0842945,205.3800167,207.6013883,199665
13-06-2023,207.9877167,210.4505266,207.4082233,208.2291698,207820
14-06-2023,207.6013947,209.9676323,207.1184884,208.9052474,126397
15-06-2023,205.2834473,208.5672038,204.6073815,207.9877252,137391
16-06-2023,209.0984039,211.416348,205.4766071,205.7663538,249718
19-06-2023,207.3116302,212.1406924,206.0560859,210.2573611,226914
20-06-2023,208.5671844,210.7402623,206.8770128,208.615478,192385
21-06-2023,204.89711,210.015919,204.4624973,209.4364404,247052
22-06-2023,199.8265991,207.0701928,199.1505333,206.4907142,339607
23-06-2023,198.9573669,202.8206168,196.6394229,199.9231794,220037
26-06-2023,204.1727295,204.8005164,200.4060671,200.8889733,206109
27-06-2023,204.365921,206.538999,203.7864277,205.2351463,139033
28-06-2023,204.7522278,207.1667588,204.3659087,204.3659087,117134
30-06-2023,202.1928406,206.6838625,201.5167601,205.8146372,175016
03-07-2023,201.7582092,204.6556465,201.275303,202.8206088,139420
04-07-2023,203.4483795,205.669751,201.1787292,202.7723138,198049
05-07-2023,202.8689117,205.2351493,202.3377119,204.7039495,159060
06-07-2023,207.4565125,209.5812968,203.3035161,203.3035161,386435
07-07-2023,208.2291718,209.3881438,206.539,207.6013848,167085
10-07-2023,205.9595032,209.3398467,204.0761719,209.3398467,117657
11-07-2023,206.7321625,209.9676254,204.8971099,207.1184816,246127
12-07-2023,203.7864227,207.9394191,203.3035165,207.7945384,199310
13-07-2023,200.647522,205.5248774,200.2129093,205.5248774,244581
14-07-2023,203.1586456,204.0761645,200.6475275,202.3376992,290716
17-07-2023,205.1385498,207.9877082,203.4000993,204.1727374,213057
18-07-2023,204.9936829,206.6838546,203.8347109,205.7180422,71441
19-07-2023,203.1586456,206.6355615,202.7240183,206.0560828,127435
20-07-2023,199.9714661,204.7039411,195.0941104,204.1727413,340502
21-07-2023,198.7158966,201.9996528,197.6534971,199.9231621,397547
24-07-2023,196.0599213,199.4885583,194.9975217,199.3436776,540107
25-07-2023,199.005661,204.7522422,197.9432614,197.9432614,710542
26-07-2023,199.8748779,205.0419803,199.4885589,200.6958244,253592
27-07-2023,199.8265991,201.6133581,195.6736172,200.8889988,247242
28-07-2023,199.8265991,201.2753179,198.426174,200.5992521,196546
31-07-2023,203.8829956,207.9394046,200.8889714,200.8889714,283315
01-08-2023,208.1325684,208.4706086,203.7864126,205.7180374,361612
02-08-2023,204.89711,209.1949873,202.8206191,208.2774536,242382
03-08-2023,203.4966736,206.2009513,202.1445421,204.7039391,127407
04-08-2023,204.0761719,206.1043692,203.303519,205.6214629,106852
07-08-2023,205.5248871,207.5048055,204.8005278,205.9594997,210545
08-08-2023,210.3056641,212.4787421,205.7180549,206.2492547,529047
09-08-2023,211.030014,212.4787327,208.6637766,211.0783076,316300
10-08-2023,211.2714691,215.3761719,209.9676164,211.030016,548073
11-08-2023,212.0441132,215.9556563,209.5812886,212.4787258,430356
14-08-2023,219.5774536,221.1710382,213.2996731,218.5633477,1471545
16-08-2023,242.4189148,244.5436991,218.9496703,219.239417,3217433
17-08-2023,243.8193359,251.1112225,242.515498,242.9018171,1716933
18-08-2023,237.1552429,243.8193427,234.9338714,243.8193427,692807
21-08-2023,238.2659149,246.6684798,236.4791708,238.0727554,718149
22-08-2023,239.7146454,242.2257636,237.8313141,239.4731923,340455
23-08-2023,255.7471313,256.9061181,239.0385873,239.5214936,2403119
24-08-2023,255.3608093,265.5501485,254.0569566,256.9061152,1394112
25-08-2023,253.3809052,260.5761903,251.3044143,254.0086774,659324
28-08-2023,256.3265991,260.47961,253.0911218,254.6847358,608627
29-08-2023,251.9321594,259.61035,251.111213,258.4513928,378242
30-08-2023,247.1996918,254.8296189,246.1855858,252.9462729,348174
31-08-2023,242.2257538,249.9522383,241.1150607,248.6966939,404084
01-09-2023,249.95224,253.5257577,239.1351587,242.6603681,839701
04-09-2023,259.755249,263.1838712,248.2137794,248.2137794,1223965
05-09-2023,254.7812958,264.0531006,253.0428453,260.7693444,658796
06-09-2023,274.3390198,276.9467252,255.1676659,257.0509825,4247384
07-09-2023,276.0774841,283.8522623,274.6287655,277.1398837,2347832
08-09-2023,271.0552368,278.0573765,269.5582394,277.9607894,669072
11-09-2023,259.900116,274.2907145,247.9723272,271.2966902,2158947
12-09-2023,247.1031036,267.0471234,245.3163448,263.8599543,1385888
13-09-2023,259.6586914,261.6869035,246.2821826,247.151408,882520
14-09-2023,262.7009583,267.8680602,259.1274408,261.7351459,576780
15-09-2023,261.4454346,265.646695,259.8518205,262.7009789,442224
18-09-2023,262.9214172,269.3173347,260.7566332,263.5117856,371901
20-09-2023,261.0026245,263.7577769,257.411077,261.5438055,238654
21-09-2023,256.5254822,264.4957547,255.147876,258.7886408,335364
22-09-2023,255.7382813,259.7234476,253.9671162,257.3618542,228476
25-09-2023,259.9202271,263.4133998,254.2623003,256.8206732,322668
26-09-2023,259.9202271,263.2165904,258.1982494,258.1982494,120802
27-09-2023,264.5941772,266.1685629,257.6570788,261.1502217,314459
28-09-2023,257.9030762,266.7097444,256.8206841,265.5781651,280270
29-09-2023,260.5106506,261.2486411,257.8046854,259.1330744,146536
03-10-2023,255.2463074,261.2486361,253.7703264,260.5106456,235034
04-10-2023,251.2611694,256.1318887,248.1616004,255.2463061,232006
05-10-2023,250.7199707,256.3286954,248.0140056,251.8515501,246093
06-10-2023,252.4419403,253.3767403,250.8675696,251.1627688,120982
09-10-2023,245.603241,249.9327792,243.0940703,249.9327792,291218
10-10-2023,253.7703094,255.2955077,247.0300057,247.0300057,170671
11-10-2023,265.6273804,276.0084342,253.8687203,254.6558981,1724384
12-10-2023,277.4352112,282.4043347,267.6937136,268.0381151,1569930
13-10-2023,274.9752502,280.2887754,273.1056504,278.468393,475868
16-10-2023,290.0302734,293.179045,271.9740994,274.5324726,1829638
17-10-2023,293.4250183,298.0989579,284.3723233,292.5886231,1303073
18-10-2023,289.8334656,295.7866071,285.8483288,293.6218229,939137
19-10-2023,285.2087402,292.2442438,284.3231576,289.2922817,654012
20-10-2023,280.3379822,296.4753683,277.8288265,284.6675204,820253
23-10-2023,262.3310242,283.831153,260.7566385,281.4203721,717771
25-10-2023,265.6273804,269.4157074,259.0838409,264.0529947,698823
26-10-2023,278.6651917,279.944363,259.8710298,261.1010138,1096709
27-10-2023,276.6972351,280.2887827,274.5324511,275.5164384,225376
30-10-2023,270.7441101,278.8620056,269.6125307,278.4684167,171755
31-10-2023,273.1056824,277.9272445,271.0393329,272.121695,187688
01-11-2023,267.9889526,274.3356528,265.9717606,274.3356528,191851
02-11-2023,275.516449,277.4844236,270.5965124,270.5965124,305444
03-11-2023,278.2716064,282.50277,274.5324666,276.8940302,268753
06-11-2023,278.3208008,282.1091577,273.5976439,280.4363674,296779
07-11-2023,283.4867249,288.9970593,278.8127855,280.1411743,370231
08-11-2023,282.2567444,286.8814664,278.2223907,286.3402854,346560
09-11-2023,280.5839539,287.7670787,279.5507793,283.6835076,364726
10-11-2023,281.3711548,282.8471356,273.9420333,280.3871676,218283
13-11-2023,258.8870544,261.2486179,254.213115,260.855029,1126547
15-11-2023,265.578186,267.3493813,258.4442776,258.5918697,599473
16-11-2023,266.4145508,270.104503,262.9705954,265.5781556,316182
17-11-2023,263.8070068,268.1857324,263.2166084,266.4145672,270909
20-11-2023,259.7234802,265.4797824,258.3458739,263.8562092,350671
21-11-2023,259.0838318,264.0529854,257.8538477,260.9534316,163964
22-11-2023,259.6742249,261.1994231,255.4430918,258.7886423,161457
23-11-2023,259.625061,262.1342167,256.9190959,259.6742484,154893
24-11-2023,260.8058167,265.8733752,258.2966611,259.6250499,212621
28-11-2023,261.2486267,264.4465854,258.7886585,260.7566331,199376
29-11-2023,263.5610046,268.6777206,260.1662364,262.4294252,211588
30-11-2023,262.8722229,265.5290008,261.4946466,265.1845993,196732
01-12-2023,269.6617126,274.3848698,264.0037856,264.0037856,354101
04-12-2023,264.2497864,272.9580803,262.2818117,272.9580803,244431
05-12-2023,274.4832764,276.8940273,263.2657968,264.2990015,713908
06-12-2023,274.2372742,281.1251853,272.5644837,277.6320124,459150
07-12-2023,275.0244446,278.1732159,269.4649225,274.2372668,312972
08-12-2023,278.1732178,282.4043511,274.4340481,276.992421,457218
11-12-2023,284.5691528,288.8986912,280.4855813,281.4203813,456927
12-12-2023,276.106842,289.2922658,274.5816437,286.2418992,375451
13-12-2023,280.53479,281.8631789,276.1068471,276.1068471,160875
14-12-2023,285.5039063,286.7338904,280.9283714,282.8471586,352852
15-12-2023,287.9147034,289.9810828,285.0611461,287.324305,262729
18-12-2023,292.1950378,298.0005568,285.5531236,287.9146871,833255
19-12-2023,291.4570313,301.6904925,290.2762346,291.3094091,495530
20-12-2023,283.2407532,306.0200534,280.4363833,293.0314089,1307921
21-12-2023,290.8666382,292.6378032,283.3883291,283.3883291,404098
22-12-2023,291.6538391,297.951352,287.8654819,293.523409,327661
26-12-2023,295.6881714,297.1641523,291.5062255,293.1297985,292356
27-12-2023,294.8517761,304.9376455,292.4410254,298.3449489,269351
28-12-2023,296.2785645,297.4593311,291.8506219,297.4593311,243922
29-12-2023,294.5566101,298.7877436,293.0806291,295.1961959,168618
01-01-2024,295.1961975,301.5921151,291.1126561,293.4742197,281631
02-01-2024,287.3734741,296.6229786,285.8483058,295.196185,292140
03-01-2024,286.2419128,290.6698559,285.3563302,287.3734923,235676
04-01-2024,290.1778564,291.2110612,284.1755278,287.8162929,304631
05-01-2024,293.0314026,294.704193,287.3242883,290.2762502,401469
08-01-2024,287.8162842,295.1961889,284.9135096,293.2282143,322523
09-01-2024,290.9158325,292.0966293,287.324285,288.3082722,174851
10-01-2024,291.2110596,301.887298,285.356323,288.4558771,747522
11-01-2024,288.3082581,294.1137767,285.2087043,289.4890547,395539
12-01-2024,286.6354675,290.2270449,280.6823568,289.4890545,820628
15-01-2024,308.2340393,310.9400045,286.6355048,286.6355048,1341396
16-01-2024,304.2488708,316.2534973,299.0337204,310.8415674,920011
17-01-2024,295.7373657,304.9376528,293.2282102,301.4936973,372873
18-01-2024,296.7705994,303.0681126,291.8014451,295.1962136,308380
19-01-2024,309.2179871,314.8759136,290.7682265,297.3117356,976461
23-01-2024,289.4890747,310.2511826,287.3242906,309.218008,551064
24-01-2024,291.8014221,294.3106078,286.9798903,290.9650569,324361
25-01-2024,298.7385559,301.1001195,292.7854146,293.375813,380387
29-01-2024,306.2168579,308.922823,298.6401437,300.2145294,329770
30-01-2024,319.5990601,325.6997933,307.988022,307.988022,1136494
31-01-2024,315.7123108,323.8302055,313.0063459,320.7798391,388351
01-02-2024,302.8712769,318.3198894,300.3621213,317.8278957,367439
02-02-2024,288.9970703,296.1801653,281.8631627,293.2282035,1749268
05-02-2024,272.5644836,285.2579139,267.2509582,283.6343408,1383168
06-02-2024,274.1880493,279.1572031,271.5313017,276.2544286,425630
07-02-2024,271.678894,275.9100273,269.2189258,274.5324511,493521
08-02-2024,267.3493652,273.6960654,266.5621574,273.6960654,277376
09-02-2024,269.4157104,270.9900961,262.8722009,268.6285326,251688
12-02-2024,260.5598145,272.3676616,258.3458431,271.4328917,277887
13-02-2024,268.770752,272.1546703,255.0858862,261.2565287,264938
14-02-2024,269.4176941,271.7067867,263.4958674,266.730472,174826
15-02-2024,273.3987427,275.8371187,269.0693428,269.4674419,174522
16-02-2024,277.1807251,279.1215,273.5480215,275.7873631,154952
19-02-2024,274.3442078,278.4745427,273.1996615,278.4745427,88042
20-02-2024,272.3039551,275.6878431,270.1143644,275.6878431,131685
21-02-2024,267.875,273.9461097,266.431887,273.697294,135564
22-02-2024,266.8797607,269.2683858,261.7541625,267.8750237,222368
23-02-2024,266.4816589,269.7660146,265.7849627,267.7257376,92937
26-02-2024,268.3726501,271.4082204,264.242315,264.242315,102503
27-02-2024,271.5077209,272.7020486,266.7304709,266.7304709,104521
28-02-2024,268.9698181,276.6831061,266.8797598,272.7020543,220914
29-02-2024,265.735199,270.7115136,262.8489426,268.9698035,189330
01-03-2024,269.9153137,273.9958674,267.8252555,268.1736036,82577
04-03-2024,268.472168,273.3987315,266.3821098,271.7067724,155667
05-03-2024,279.8679504,281.0622477,268.7707444,268.7707444,344583
06-03-2024,272.2541504,281.5598645,269.2683617,281.5598645,114227
07-03-2024,272.0551147,274.0953915,271.1096029,272.2541491,67370
11-03-2024,265.0385132,273.3489649,264.7896974,271.7565381,121480
12-03-2024,262.5006104,264.5408873,257.7731112,263.7446891,127796
13-03-2024,249.0645447,264.6901846,245.1332592,264.6901846,271431
14-03-2024,257.972168,259.7636291,245.0337345,249.0147863,184698
15-03-2024,255.9816284,260.4603114,249.7612201,256.2801951,98945
18-03-2024,250.2588654,257.2754722,246.5763955,255.9816425,248702
19-03-2024,248.3181,253.5432303,247.5218866,250.2588596,72618
20-03-2024,248.4673767,251.602464,247.8702281,249.0147743,109164
21-03-2024,252.1000977,255.0361202,250.0598057,250.0598057,125421
22-03-2024,252.8465424,253.7920391,250.1095694,252.1000952,79984
26-03-2024,249.3631287,253.2944142,248.5171491,253.2944142,115220
27-03-2024,249.5621796,251.0053078,247.8204694,250.8062582,372076
28-03-2024,245.4815979,252.7967866,243.8891863,248.8157348,219856
01-04-2024,255.8821106,256.8275922,247.4721265,247.4721265,183484
02-04-2024,260.9081726,262.4508484,255.0858784,256.7778375,138105
03-04-2024,262.848938,264.8892148,260.9081632,261.6546104,130579
04-04-2024,265.3370972,270.6119784,262.5503428,263.7446704,194939
05-04-2024,270.5124512,271.5077141,262.251781,263.7446754,94611
08-04-2024,268.7209778,272.3039302,266.780203,272.2541489,66129
09-04-2024,265.9840088,271.4579547,265.2375616,268.7209818,72788
10-04-2024,271.1593933,276.1854589,266.7304612,268.720987,216883
12-04-2024,265.884491,271.2091538,263.7944327,271.1096215,146442
15-04-2024,261.7541504,264.1925567,258.3702625,263.7446762,125802
16-04-2024,261.3560486,263.4461068,258.8678913,258.8678913,54241
18-04-2024,255.9816284,264.7399297,255.483997,261.356042,159309
19-04-2024,252.8465424,254.7375358,251.8512795,254.6877696,77062
22-04-2024,257.1759338,260.4603197,254.1901451,254.1901451,77133
23-04-2024,263.5953979,264.1427804,257.9721684,259.5645648,101514
24-04-2024,268.8205261,273.6973085,263.7446791,263.7446791,275886
25-04-2024,267.6261902,273.2494195,266.0835448,270.5124465,120886
26-04-2024,270.8110352,276.8323634,267.7257142,267.7257142,180747
29-04-2024,272.8015747,273.5480219,270.4129498,273.1996738,98215
30-04-2024,273.4484863,277.2304733,272.5527558,273.1996706,186636
02-05-2024,288.875061,291.1144026,272.7020387,273.5480182,1138329
03-05-2024,287.5314636,291.2139487,284.9437738,291.0646654,317275
06-05-2024,283.9484863,288.0290702,279.9674348,287.5314388,194667
07-05-2024,279.6688843,289.9200803,278.8726861,285.1428304,285492
08-05-2024,281.4603271,285.4413786,277.9271561,279.0219513,158640
09-05-2024,270.761261,282.1570334,268.6712332,282.1570334,160325
10-05-2024,271.8063049,273.1996669,266.0337619,270.6617587,88284
13-05-2024,270.4627075,272.7518002,265.8844919,271.8063186,60518
14-05-2024,276.3347473,277.4792936,270.0148216,271.7067807,62654
15-05-2024,273.8465881,278.2257389,272.8513252,276.0859297,39182
16-05-2024,267.2280884,276.8821506,264.6901801,274.6925601,129724
17-05-2024,267.9248047,274.6925808,266.730477,267.1285761,190306
21-05-2024,266.5811768,270.9105765,263.7944224,269.7162489,204041
22-05-2024,265.2375793,268.422433,263.3465858,267.7257368,138520
23-05-2024,267.6759644,269.367893,264.7896777,266.8797358,106864
24-05-2024,264.5906677,268.721003,263.8939715,267.675989,84386
27-05-2024,254.0906219,260.7091294,245.9792202,258.8181055,443510
28-05-2024,250.457901,255.7825636,248.9152557,255.7825636,88109
29-05-2024,245.8299408,251.6522349,245.0337274,249.313361,108639
30-05-2024,244.8844452,246.9744882,244.0384656,244.0384656,66657
31-05-2024,246.4768524,247.8204634,242.7446165,244.8844409,85480
03-06-2024,249.3631287,253.7920456,247.8204681,250.8062569,109909
04-06-2024,230.901001,250.8062597,223.9341604,250.8062597,265801
05-06-2024,237.9673767,239.2114554,226.4223204,234.5834736,285309
06-06-2024,243.5408325,247.472118,238.8630999,241.3512571,161147
07-06-2024,251.353653,253.4934622,244.3370463,246.0787565,133387
10-06-2024,256.8275757,261.4456101,244.9839534,250.5673788,137213
11-06-2024,261.1868286,266.8299825,257.0166747,257.0266371,210907
12-06-2024,261.9133911,266.73046,258.7086433,259.5645549,106243
13-06-2024,266.1432495,270.3432601,261.1967918,261.9133823,241309
14-06-2024,277.1408997,286.5859653,266.2427891,267.7257211,988393
18-06-2024,277.2603455,279.2210147,274.1053788,278.6736322,230072
19-06-2024,270.502533,279.350405,269.2385295,278.6736335,137484
20-06-2024,279.6688843,283.1622669,269.5868659,270.5025212,319853
21-06-2024,274.3044128,281.360854,273.3987503,279.6688948,205084
24-06-2024,279.0916443,286.4366592,273.100142,273.100142,458099
25-06-2024,278.0565491,286.6357103,277.0811805,279.091631,328816
26-06-2024,276.3745728,283.0129597,275.090675,277.6783648,262985
27-06-2024,270.6517944,278.4745462,268.2233505,277.33,161820
28-06-2024,270.2835693,272.702051,268.8503882,271.2589076,85082
01-07-2024,271.6072388,274.3442117,269.7162453,269.7162453,80758
02-07-2024,289.8703308,292.6073039,270.7115192,270.7115192,2089305
03-07-2024,285.7897339,299.52438,284.1973072,292.9058575,698277
04-07-2024,284.0978088,288.6262429,283.0527646,288.3276762,212358
05-07-2024,281.5598755,286.2873744,279.619131,283.6996847,180551
08-07-2024,278.0764465,284.5954367,276.6830846,282.1072795,161755
09-07-2024,276.7328491,282.6049248,275.5883028,277.6783611,167565
10-07-2024,269.5171814,278.872677,266.0337612,278.872677,192136
11-07-2024,271.4579468,274.7423021,269.7162368,270.860783,125887
12-07-2024,269.3181458,277.8276314,268.7707329,271.7565216,268552
15-07-2024,270.1641235,272.7020318,266.9792701,271.0598541,163495
16-07-2024,270.5622253,275.6878232,269.3181467,272.5029698,262173
18-07-2024,264.0930176,270.6119774,262.9484713,270.5622265,182029
19-07-2024,260.5100708,264.6901872,259.8133746,264.6901872,82856
22-07-2024,259.7138672,263.7944208,257.3749933,262.2020244,149632
23-07-2024,255.3844757,261.5550877,246.7754422,261.5550877,145883
24-07-2024,261.9532166,264.6901896,257.3252196,259.2162435,104086
25-07-2024,257.1261902,261.6546245,256.2802106,261.5550921,87688
26-07-2024,259.4650574,261.803901,257.7233472,257.7233472,41970
29-07-2024,258.3702698,261.6546254,256.9769077,260.9579595,111435
30-07-2024,258.6688232,262.6498749,258.1711918,259.8133695,190210
31-07-2024,259.813385,262.2517914,258.5693063,260.4105489,77268
01-08-2024,258.5693054,261.8536914,257.5740425,261.5550943,71059
02-08-2024,251.204361,259.664096,250.5076799,256.8773719,154155
05-08-2024,241.2019806,249.5124171,240.8536325,244.9342166,169497
06-08-2024,240.4057617,249.4626452,238.6640516,242.8441528,117249
07-08-2024,240.8038635,245.2825467,238.4152386,244.0384681,114579
08-08-2024,240.9033966,245.6806617,238.8631046,239.8583675,173164
09-08-2024,237.9673767,245.6308984,237.5692624,245.6308984,120229
12-08-2024,237.1213837,240.3559881,234.6332264,237.917597,174715
13-08-2024,230.8512268,239.0621457,229.9057301,238.8630962,196818
14-08-2024,221.5455322,230.9009976,220.0526378,230.9009976,241501
16-08-2024,227.5171051,228.9104671,223.4862873,224.5313164,127568
19-08-2024,228.164032,232.4436657,227.5668681,228.9104792,156935
20-08-2024,228.3133087,232.5929423,227.9152096,229.5076364,360318
21-08-2024,233.3891602,237.8678434,227.915214,227.915214,414284
22-08-2024,228.9602356,236.0265931,227.3180427,233.886784,190459
23-08-2024,227.3180389,229.9057285,224.2327331,229.4578633,327250
26-08-2024,224.7801361,231.4981608,224.0834399,227.4175768,303097
27-08-2024,233.6877441,236.4744834,224.9791933,226.223272,641744
28-08-2024,231.8464966,235.379683,230.950766,231.8962628,822429
29-08-2024,227.7659302,233.5882093,227.019483,231.8464991,175023
30-08-2024,227.6166229,229.8559645,226.9199419,229.358333,144007
02-09-2024,224.5213623,229.7564551,223.9341608,228.7611921,195271
03-09-2024,224.0137787,227.6166256,223.7351063,225.6260997,134463
04-09-2024,221.7744446,223.9341634,221.446006,222.9389004,126894
05-09-2024,222.4412689,224.9294263,222.142687,222.4412689,122376
06-09-2024,216.9573669,223.8744411,215.7730017,223.5360554,259242
09-09-2024,218.6493073,219.4554678,213.8919518,218.858304,159024
10-09-2024,221.0279846,222.7199285,219.564947,220.2914846,137055
11-09-2024,218.3009644,221.9436303,217.5843738,221.9436303,85047
12-09-2024,217.494812,221.4161505,216.6687419,219.9531127,143064
13-09-2024,217.9824829,222.4412564,216.3203957,218.9578363,157565
16-09-2024,217.5943298,219.8535657,216.9673094,218.8583028,109952
17-09-2024,216.7682648,219.9033369,216.4696829,218.4602087,98892
18-09-2024,215.922287,219.7540553,214.7777407,216.7682665,106722
19-09-2024,210.1000061,218.6393485,205.8203726,217.6639951,236486
20-09-2024,213.3999939,216.8000031,210.5,211,208038
23-09-2024,214.0500031,217,213,215.9799957,120705
24-09-2024,213.2700043,216.5,212.9799957,215,103596
25-09-2024,211.8000031,214.1900024,211.1799927,214,117308
26-09-2024,212.0500031,213.3999939,210.0099945,212,117845
27-09-2024,212.2100067,216.4400024,211.8999939,212.75,117151
30-09-2024,210.1499939,213.4799957,209.1000061,212.2200012,166739
01-10-2024,208.3999939,212,207.4499969,212,134719
03-10-2024,206.6100006,210.8899994,205.0500031,208.1100006,214689
04-10-2024,206.7700043,212.8000031,205.1000061,207.9900055,255278
07-10-2024,201.0200043,208.5,200.5,208.5,136385
08-10-2024,200.9600067,202.75,198.3099976,201.5,133968
09-10-2024,205.5399933,207.9900055,201.9499969,201.9900055,87336
10-10-2024,202.8500061,206.8999939,202.5500031,206,103561
11-10-2024,206.0700073,207.4499969,202,202,137050
14-10-2024,209.0599976,209.9700012,205,206.0700073,112070
15-10-2024,205.2100067,209.5,204.25,209.5,79260
16-10-2024,203.8300018,207.2700043,202.7100067,205.5200043,225358
17-10-2024,200.7799988,204.3899994,199.1999969,203.8899994,177425
18-10-2024,197.0599976,200.1499939,196.1000061,198.8000031,165588
21-10-2024,192.1300049,202,191.1000061,197.8899994,263815
22-10-2024,182.0099945,193.9900055,180.5500031,193.9900055,245767
23-10-2024,180.2400055,184.6900024,178.1600037,180.3000031,217807
24-10-2024,182.0399933,186.5500031,178.5099945,180.25,201622
25-10-2024,174.5,184.6000061,171.1000061,182.9799957,342962
28-10-2024,175.75,179.2299957,172.7599945,176.6300049,236954
29-10-2024,178.7299957,179,174.7799988,175.9799957,236405
30-10-2024,177.8899994,181.3500061,177.4299927,179.1000061,161323
31-10-2024,178.1199951,179.75,176.8200073,177.6000061,145178
01-11-2024,181.3699951,182.6000061,178.6000061,178.6000061,37881
04-11-2024,179.5800018,182.5,177.2400055,182.5,71680
05-11-2024,177.6199951,180.0899963,176.1000061,179.6000061,129920
06-11-2024,181.8099976,183,177.7599945,178.3999939,324622
07-11-2024,179.1600037,184.7899933,178.3500061,181.8000031,218780
08-11-2024,175.2400055,179.3999939,174.5700073,179.3999939,272682
11-11-2024,172.2299957,176.8500061,171.1100006,176.8500061,129834
12-11-2024,171.1499939,174.25,170.1000061,172.6999969,143383
13-11-2024,162.2700043,171,160,171,230972
14-11-2024,163.7700043,165.8999939,158.2100067,160,220777
18-11-2024,162.7599945,165.8899994,160.8000031,164.5,102282
19-11-2024,164.2100067,168.5899963,162.9900055,163.1499939,96296
21-11-2024,165.4299927,172.8000031,164.3899994,170.2100067,274694
22-11-2024,165.9199982,167,164.0099945,165.5099945,168423
25-11-2024,164.6199951,169.3899994,162.9100037,166.9900055,187935
26-11-2024,166.6600037,172.2899933,164.0099945,165.1999969,209634
27-11-2024,167.0099945,168.8000031,166.1999969,167.75,142124
28-11-2024,169.9199982,172.6499939,166.9900055,167.8000031,155373
29-11-2024,171.1799927,172.0599976,170,170,103265
02-12-2024,182.6999969,184.5,169,171.3000031,879268
03-12-2024,177.6600037,184.5200043,176.8699951,182.6999969,497360
04-12-2024,174.9299927,178.6799927,173.3999939,177.8999939,301630
05-12-2024,184.0899963,185.8999939,175.5,175.5,498253
06-12-2024,188.2599945,190.3999939,184.1999969,184.9900055,652187
09-12-2024,190.8099976,195,188.5,189,573946
10-12-2024,181.0500031,191.2700043,180.1999969,190,616740
11-12-2024,182.1699982,184.6000061,180.6999969,180.9299927,214339
12-12-2024,178.1499939,182.5599976,177.6499939,182,154764
13-12-2024,177.3399963,179.0099945,173.6000061,177.3000031,251528
16-12-2024,199.4799957,207,177.3399963,177.3399963,3822781
17-12-2024,193.2700043,202.1300049,192,199.4799957,676520
18-12-2024,186.9100037,195.9700012,186,191.7100067,476542
19-12-2024,202.0800018,216,184.5200043,185.8899994,5987749
20-12-2024,207.2899933,216.5899963,199.0399933,200.6999969,3276953
23-12-2024,202.8600006,215.3000031,201.5,208.6499939,1070480
24-12-2024,198.8099976,207.3000031,198,206.9499969,397470
26-12-2024,194.0399933,203.9900055,191.1499939,201,320907
27-12-2024,192.1300049,201,191.1000061,195.9499969,324158
30-12-2024,189.0599976,195.6499939,188.5,190.3999939,283625
31-12-2024,187.8399963,192.5899963,187.1100006,189.5,297963
01-01-2025,197.8200073,199.5,189.2400055,191,540783
02-01-2025,200.6799927,203.8999939,194,198.6000061,453795
03-01-2025,200.1900024,204.7200012,198.9700012,200.6799927,299352
06-01-2025,189.0200043,201.8000031,187.3099976,200,369701
07-01-2025,193.7899933,198.4499969,189.1799927,189.1799927,372205
08-01-2025,190.8200073,197.8699951,190,193.7299957,269560
09-01-2025,186.7700043,194.3899994,186.1000061,190.7100067,183406
10-01-2025,179.3200073,194,177.3500061,186.3999939,458701
13-01-2025,169.6699982,180.0399933,167.7100067,177.75,270281
14-01-2025,173.7200012,175.8000031,170.4100037,173.1999969,258096
15-01-2025,172.75,176.9900055,171.1300049,173.1000061,270461
16-01-2025,177.6199951,179.5,174.5,174.5,234645
17-01-2025,180.1199951,183,174.4400024,178.5,278445
20-01-2025,177.4900055,180.3899994,176.0700073,179,302629
21-01-2025,172.4499969,179.7299957,171.9900055,178.0500031,195715
22-01-2025,168.3899994,174.7200012,166,174.3999939,249183
23-01-2025,170.3800049,172.5899963,167.3999939,169.5,147510
24-01-2025,165.3000031,171.7200012,164.4700012,171,231843
27-01-2025,163.1399994,165,159.5500031,165,129105
28-01-2025,166.5800018,169.4499969,157.3000031,164.8899994,181567
29-01-2025,167.1699982,171.8899994,165.2899933,165.6499939,214847
30-01-2025,168.3800049,173.5,166.3500061,169,193575
31-01-2025,167.9299927,169.5099945,166,169,189318
01-02-2025,169.8999939,171.0099945,166.8000031,167.6000061,66110
03-02-2025,165.6199951,168.75,163,168.75,101086
04-02-2025,166.8099976,168.5299988,166.0200043,166.1000061,62488
05-02-2025,167.0800018,169.3600006,166.1000061,167.1499939,97005
06-02-2025,165.3699951,168.8200073,164.0099945,168.1000061,87504
07-02-2025,163.1100006,166.0700073,162.7899933,165.3699951,138114
10-02-2025,161.8200073,163,160.9900055,163,62906
11-02-2025,159.4100037,162,157.0500031,162,155587
12-02-2025,157,160.9499969,150.1100006,160,154748
13-02-2025,155.3999939,160.8999939,154.1999969,156.5500031,86691
14-02-2025,145.3699951,151.9900055,145,151.0299988,226944
17-02-2025,142.5700073,146.8399963,136.8200073,143.0200043,373047
18-02-2025,140.0299988,142,138.6199951,140.3999939,141803
19-02-2025,136.6799927,142.0800018,134.4499969,138.0200043,326459
20-02-2025,137.1999969,138.8000031,135,135.1999969,261784
21-02-2025,135.5399933,140.3000031,135.0500031,138.3500061,158329
24-02-2025,133.0899963,136.7299957,130.5500031,135.0500031,178095
25-02-2025,132.4600067,135.1499939,131.8999939,135,124925
27-02-2025,127.6999969,133,127,133,214141
28-02-2025,126.8399963,130.1999969,124,127.5,327750
03-03-2025,130.0099945,130.9900055,125.7200012,127,389076
04-03-2025,128.2599945,133.9400024,126.5100021,128.1000061,259819
05-03-2025,130.8999939,131.8500061,128.4400024,129.9400024,246786
06-03-2025,138.3099976,139.5,131.8999939,132.1999969,567239
07-03-2025,135.0299988,139.8999939,134.4299927,139.8999939,244685
10-03-2025,134.3500061,135.9499969,132.5,134.8999939,228341
11-03-2025,131.8099976,133,128.8099976,133,171584
12-03-2025,126.5699997,133,126.0999985,131.8099976,366535
13-03-2025,125.75,127.6999969,125,126.5999985,247163
17-03-2025,123.2699966,126.9000015,121.6800003,126.9000015,260612
18-03-2025,123.2699966,123.2699966,123.2699966,123.2699966,0
19-03-2025,128.3300018,130.2899933,124.8000031,124.8000031,336224
20-03-2025,129.4900055,131,127.5500031,129.6000061,262646
21-03-2025,129.6000061,133.3000031,129.0099945,130.4199982,337846
24-03-2025,130.0299988,133.3800049,129.1000061,131,399579
25-03-2025,128.4299927,132.4799957,127.5,131,215875
26-03-2025,126.3300018,130.2700043,125,129,224051
27-03-2025,127.2099991,128.4900055,124.75,126.3300018,890713
28-03-2025,126.2900009,130.4199982,125.75,127.1999969,858997
01-04-2025,131.3999939,134.3399963,126.2900009,126.2900009,318172
02-04-2025,128.1000061,132.0099945,127.5800018,131.9900055,415353
03-04-2025,130.3200073,130.8500061,127,127,363671
04-04-2025,123.9199982,130.9799957,122,129.9900055,329020
07-04-2025,120.6900024,122.6699982,115.5,117.2200012,333055
08-04-2025,124.3600006,124.9599991,120.5500031,122.9499969,157048
09-04-2025,121.9100037,124.3600006,121.4100037,123.9899979,56324
11-04-2025,126.8399963,127.9499969,122.6100006,124,148508
15-04-2025,128.9199982,130.9799957,127.4400024,128,142637
16-04-2025,130.6699982,131.5,128.0099945,129,132826
17-04-2025,130.6399994,132.5,129.8200073,130.5,95595
21-04-2025,134.1799927,134.8500061,130.6999969,131.1000061,187248
22-04-2025,135.7299957,137.0899963,132.7100067,133.6000061,170841
23-04-2025,136.0200043,137,134.8000031,136,112322
24-04-2025,136.5299988,137.8999939,136.1000061,136.8000031,86361
25-04-2025,133.6300049,137.2899933,132.0200043,136.6999969,117490
28-04-2025,133.7400055,134.8300018,131.7400055,132.0200043,91149
29-04-2025,134.2400055,136.9900055,133.5,133.75,102178
30-04-2025,131.6399994,135.2400055,131.5,134.9100037,78426
02-05-2025,131.8000031,133.8000031,131.5,131.9700012,52936
05-05-2025,132.9600067,133.6699982,130.1000061,132.4600067,56477
06-05-2025,130.3099976,133.5,129.1000061,133.5,46558
07-05-2025,132.5500031,133,127.6999969,128.5,89115
08-05-2025,129.25,133.8000031,128.0099945,132.9900055,70467
09-05-2025,126.7399979,128.0599976,125.25,126,78414
12-05-2025,132.5,134.0099945,130.1999969,131.6199951,91574
13-05-2025,138.8699951,139.8999939,131.5299988,132.8999939,279307
14-05-2025,145.3600006,146.25,140,140,401418
15-05-2025,150.1199951,151.5299988,145.3800049,146.0899963,327038
16-05-2025,161.1900024,163,151.0099945,151.0099945,510664
19-05-2025,168.9400024,169.8000031,160.3699951,162.6000061,447793
20-05-2025,160.1300049,169.3999939,158.5,168.6999969,211327
21-05-2025,165.4400024,166,156,161.1000061,223940
22-05-2025,166.4199982,168.5899963,163,164,215522
23-05-2025,166.5599976,168.3600006,164,165.0099945,83332
26-05-2025,169.4199982,172,165.8200073,167.75,196987
27-05-2025,169.1900024,170.6999969,168.1000061,169,98031
28-05-2025,167.8099976,170.1799927,167.1499939,169.4900055,54919
29-05-2025,165.4299927,169.6999969,165,168.6399994,59496
30-05-2025,162.9799957,166.2599945,162.3500061,165.9900055,48820
02-06-2025,167.1999969,167.9499969,160.9900055,163,98934
03-06-2025,168.8699951,170.1199951,166.3099976,167.0099945,117560
04-06-2025,164.8300018,169.8899994,163.0399933,169.8899994,116949
05-06-2025,161.6900024,167.3200073,160.3200073,166.5,71263
06-06-2025,163.2599945,164,161.2799988,162.5,76225
09-06-2025,170.3600006,176.3699951,163.5599976,163.5599976,375212
10-06-2025,169.3500061,171.6999969,167.1100006,171.6399994,79443
11-06-2025,169.6600037,174,167.6999969,170,204754
12-06-2025,167.9900055,171.3399963,165.4100037,170.1900024,84180
13-06-2025,161.0500031,166.6499939,157.3200073,165,253391
16-06-2025,160.6000061,162.8899994,158.6999969,162.6499939,79097
17-06-2025,157.3500061,162,156.5500031,162,70095
18-06-2025,157.6000061,160.6699982,156.7200012,157.9900055,105763
19-06-2025,152.7200012,158,151.25,157,78768
20-06-2025,155.4499969,156.5099945,152.4100037,152.5500031,54393
23-06-2025,153.0800018,155,150.6000061,152.3399963,126206
24-06-2025,162.6499939,169,154.5,154.5,407275
25-06-2025,164.5800018,167.1000061,161.7200012,164.5,132572
26-06-2025,164.75,166,162.3500061,162.3500061,70404
27-06-2025,166.0899963,167,163.8099976,165.25,72314
30-06-2025,167.6799927,170.25,166.25,166.25,85541
01-07-2025,169.0800018,171,167,169,121656
02-07-2025,169.8699951,170.9900055,168.1699982,170.9900055,102555
03-07-2025,169.3899994,171.7400055,167.6000061,168.9900055,118275
04-07-2025,183.5200043,184.8999939,168.0500031,169,1182250
07-07-2025,185.7899933,190.7700043,184.3500061,185.8000031,815520
08-07-2025,178.1300049,185.8699951,177.2100067,185,410711
09-07-2025,176.9400024,180.7799988,175.1100006,179,225797
10-07-2025,173.8000031,177.8000031,172.6000061,177.5,134807
11-07-2025,169.4700012,174.5,168.3500061,174,164161
14-07-2025,167.8000031,170.8800049,165.8099976,169.4700012,139215
15-07-2025,170.4199982,174.2899933,166.6000061,166.6000061,161174
16-07-2025,170.9799957,172,169.5,171,59064
17-07-2025,170.5500031,172.8000031,170.1600037,170.6999969,65490
18-07-2025,169.6799927,174.6000061,168.75,170.5599976,97651
21-07-2025,172.9600067,174.8999939,168.7200012,169,117142
22-07-2025,169.0200043,173.9600067,168.75,173.1100006,46033
23-07-2025,168.5299988,170.3000031,167.5,170.0099945,46093
24-07-2025,167.8200073,169.6000061,166.7899933,169.5,66355
25-07-2025,164.9199982,168.9900055,164,168.2899933,95880
28-07-2025,157.2599945,165.3300018,155.6300049,160,206614
29-07-2025,158.5899963,161.8000031,156.1000061,156.1000061,116070
30-07-2025,159.9199982,161.4600067,158.6799927,159.8999939,72415
31-07-2025,160.5299988,161.3800049,156.4100037,158.5099945,71726
01-08-2025,156.0500031,162.8899994,155.0200043,161,80119
04-08-2025,156.7700043,158.1000061,156.1000061,156.1000061,36849
05-08-2025,154.2700043,157.6000061,153.5,157.5899963,48473
06-08-2025,159.7200012,163,153.0700073,154.2700043,191367
07-08-2025,159.2100067,160.2299957,155.0099945,159,67782
08-08-2025,154.8800049,160,154.1100006,160,31791
11-08-2025,155.0500031,156.0899963,153.4400024,154.8800049,45089
12-08-2025,152.1300049,155.8999939,152,155.8999939,40484
13-08-2025,155.8200073,158,151.9900055,152.8000031,120547
14-08-2025,155.6600037,159.6999969,155,158.1000061,80406
18-08-2025,157,158.0899963,155.9600067,156.6900024,32721
19-08-2025,156.6199951,157.5,156.1399994,157.1999969,32561
20-08-2025,157.0200043,157.8800049,156.1699982,156.25,25485
21-08-2025,154.9199982,158.8500061,154.4400024,158,57765
22-08-2025,153.5399933,155.25,153.3099976,154.6000061,33060
25-08-2025,169.7700043,179.8999939,160,160,8597535
26-08-2025,161.6699982,168,158.3999939,168,955568
27-08-2025,161.6699982,161.6699982,161.6699982,161.6699982,0
28-08-2025,161.0299988,165.6000061,158.4100037,161.8500061,289798
29-08-2025,162.4199982,166.5,160.3000031,161.3999939,212662
